Ticker,Company Name,Sector,Buffett Score,ROIC,Current Price,ROE,Debt to Equity,Years to Pay Off Debt,EPS CAGR (Historical),FCF CAGR (Historical),Latest FCF,Shares Outstanding,Market Cap,Gross Margin,Net Margin,Industry,Edgar Fetched
DECK,Deckers Outdoor Corporation,Consumer Cyclical,7,1.0755149243639013,108.52999877929688,0.3844353371828956,0.11021630210428676,0.28669659483423404,0.32431191098747947,0.9914915128868325,958352000.0,141949971,15405830144,0.57545,0.19348,Footwear & Accessories,True
INCY,Incyte Corporation,Healthcare,7,0.6106551227627589,94.6500015258789,0.24898993280668055,0.007820449356533303,0.0314086970038472,0.6270391181055106,0.1422764750896166,1329631000.0,199014486,18836721664,0.52884996,0.25026,Biotechnology,True
ABNB,"Airbnb, Inc.",Consumer Cyclical,7,0.5494698737850432,142.82000732421875,0.3062568605927552,0.25210391511159896,0.8231780167264038,0.11346303157849302,0.10644125808046745,4646000000.0,423573275,85622595584,0.82959,0.20513001,Travel Services,True
IBKR,"Interactive Brokers Group, Inc.",Financial Services,7,0.528715828964514,76.62000274658203,0.18347939586052583,0.0035427932127540555,0.019308943089430895,0.33134624643458177,0.5924065256034745,15744000000.0,445616477,34143164416,0.93017995,0.16106,Capital Markets,True
LULU,lululemon athletica inc.,Consumer Cyclical,7,0.3147912305181752,143.8000030517578,0.3182656030827274,0.3624544523805685,1.138842680044048,0.2558334310354895,0.41141145031074133,921675000.0,110482671,16869339136,0.56601,0.14224,Apparel Retail,True
ANET,"Arista Networks, Inc.",Technology,7,0.30488116169734253,176.91000366210938,0.28385271411826524,0.003553938806030476,0.012520362248675742,0.3627259779307541,1.1170482953420318,4252400000.0,1259169438,222759665664,0.64056,0.38991,Computer Hardware,True
FFIV,"F5, Inc.",Technology,7,0.2701323559668655,303.1600036621094,0.19275617838423675,0.07288170180448268,0.3781030647910107,0.30836818249939757,0.3037590726003483,906406000.0,56519273,17134383104,0.81385005,0.22455,Software - Infrastructure,True
CBOE,"Cboe Global Markets, Inc.",Financial Services,7,0.25190533834232826,303.80999755859375,0.2140785863028628,0.3095770974836035,1.446090909090909,0.13665992642801528,0.41678822872499066,1681600000.0,104742273,31821750272,0.51527,0.23334,Financial Data & Stock Exchanges,True
GRMN,Garmin Ltd.,Technology,7,0.2259197901841425,259.3900146484375,0.18544164187627973,0.018371002981979287,0.09906622264612922,0.19569899314697903,0.35819959503378507,1362913000.0,192883365,50032017408,0.58744,0.22964,Scientific & Technical Instruments,True
CPRT,"Copart, Inc.",Industrials,7,0.21221662994410562,33.06999969482422,0.16898263019192378,0.01129189369407947,0.06682280706161683,0.11950076307899637,0.13613497248033846,1230760000.0,963308388,31856609280,0.47344002,0.33758,Specialty Business Services,True
INTU,Intuit Inc.,Technology,7,0.17330884182914527,395.95001220703125,0.1962962962962963,0.33683409436834094,1.7159472731972085,0.23258598997377322,0.18452867080433455,6083000000.0,276550000,110182629376,0.80896,0.2157,Software - Application,True
LRCX,Lam Research Corporation,Technology,6,0.6936712183524332,267.7799987792969,0.5433405001754783,0.45474328302482586,0.8369397879929088,0.08199538770459891,0.28466022703325766,5414078000.0,1250571000,334877917184,0.49979,0.30938998,Semiconductor Equipment & Materials,True
ADBE,Adobe Inc.,Technology,6,0.5720171357397987,245.44000244140625,0.6134388712036479,0.5719693710745934,0.932398316970547,0.18203090567988722,0.10029506958590018,9852000000.0,404200000,99206848512,0.89396006,0.29477,Software - Application,True
FIX,"Comfort Systems USA, Inc.",Industrials,6,0.5271556801100732,1726.1199951171875,0.4175795724717757,0.1973877540352846,0.4726949473770681,0.6172014075037591,0.5971458976318065,1031453000.0,35202424,60763607040,0.24125999,0.112349994,Engineering & Construction,True
IDXX,"IDEXX Laboratories, Inc.",Healthcare,6,0.45413519736696983,565.9299926757812,0.6599446985547996,0.6079932327675078,0.9212790618652451,0.1749243789608772,0.39532809418299686,1043579000.0,79424539,45061627904,0.61797,0.24618,Diagnostics & Research,True
EME,"EMCOR Group, Inc.",Industrials,6,0.45182397066265684,869.9000244140625,0.34644431161716127,0.12744042914099943,0.3678525663940692,0.5155326485369605,0.38398516207054656,1189313000.0,44440278,38738882560,0.19327,0.07493,Engineering & Construction,True
ADP,"Automatic Data Processing, Inc.",Technology,6,0.3720907549247871,196.52999877929688,0.6592921784098255,1.4649967679379443,2.222075152584749,0.124859690694479,0.19936681717146265,4392700000.0,402644364,79131697152,0.48351002,0.19964,Software - Application,True
COST,Costco Wholesale Corporation,Consumer Defensive,6,0.3544310314448623,1011.1500244140625,0.27770539020710466,0.2802427650528048,1.009136930485245,0.11467010327399718,0.3081350392193374,7837000000.0,443652540,448599293952,0.12926,0.029860001,Discount Stores,True
FAST,Fastenal Company,Industrials,6,0.30742430640692653,44.689998626708984,0.3190993001318592,0.11205497514960949,0.3511602034329307,0.05193028569008362,0.11047708391906275,1050600000.0,1148035061,51305684992,0.44893003,0.15392,Industrial Distribution,True
ERIE,Erie Indemnity Company,Financial Services,6,0.3029314858654256,233.6199951171875,0.24495987078770276,0.0,0.0,0.26286709581142764,0.24071284428201345,570965000.0,46189068,12215958528,0.17913,0.13971,Insurance Brokers,True
GOOGL,Alphabet Inc.,Communication Services,6,0.2991620465631596,344.3999938964844,0.3182786895115167,0.14277870757227312,0.448596504501778,0.3345576988820247,0.06879140249222915,73266000000.0,5822000000,4166206881792,0.59652,0.32810003,Internet Content & Information,True
GOOG,Alphabet Inc.,Communication Services,6,0.2991620465631596,342.32000732421875,0.3182786895115167,0.14277870757227312,0.448596504501778,0.3345576988820247,0.06879140249222915,73266000000.0,5438000000,4141045252096,0.59652,0.32810003,Internet Content & Information,True
AOS,A.O. Smith Corporation,Industrials,6,0.2967111457536404,64.37999725341797,0.29397201291711517,0.10339074273412271,0.35170267301354813,0.35398662375362533,0.19357792785343153,546000000.0,112376652,8899878912,0.38833,0.1426,Specialty Industrial Machinery,True
CTAS,Cintas Corporation,Industrials,6,0.2675917172212194,175.89999389648438,0.3868691110071745,0.566654235549253,1.4647182197462756,0.14556723410783046,0.10649869159817582,1757021000.0,400087119,70375317504,0.50361997,0.17568001,Specialty Business Services,True
DXCM,"DexCom, Inc.",Healthcare,6,0.2642514833526683,61.56999969482422,0.3045520757465404,0.506081573197378,1.661724261628602,0.3447566493703871,0.5233789965598488,1077200000.0,385872977,23758200832,0.60101,0.17939,Medical Devices,True
CDNS,"Cadence Design Systems, Inc.",Technology,6,0.23456929545765667,332.8900146484375,0.20256692279630506,0.477959899389516,2.35951601965212,0.0932672121067819,0.12394502316903888,1586910000.0,276092068,91908292608,0.86364,0.20934999,Software - Application,True
AVGO,Broadcom Inc.,Technology,6,0.20262624198718288,422.760009765625,0.2844806377011268,0.8012596565467697,2.816570094266194,0.2140385062751604,0.1816540426343054,26914000000.0,4734668184,2001628430336,0.76725996,0.36571997,Semiconductors,True
EA,Electronic Arts Inc.,Communication Services,6,0.18731005601046158,202.6699981689453,0.17554024428437207,0.305512057626057,1.7404103479036575,0.15469244519371217,0.027855111686507783,1858000000.0,250253713,50718920704,0.78264,0.09307,Electronic Gaming & Multimedia,True
HIG,"The Hartford Insurance Group, I",Financial Services,6,0.17213122230414327,134.4499969482422,0.2021181305653617,0.2303071816217925,1.139468196037539,0.33382529603296307,0.1449464764948376,5753000000.0,274130820,36856889344,0.38172,0.14109,Insurance - Diversified,True
ACGL,Arch Capital Group Ltd.,Financial Services,6,0.16746623692455656,96.19000244140625,0.1817318020325539,0.11274064281583078,0.6203682655148898,0.44757157266370573,0.17619541011278583,6128000000.0,356272841,34269884416,0.37162,0.22073,Insurance - Diversified,True
CME,CME Group Inc.,Financial Services,6,0.151609159142917,285.05999755859375,0.14174922201878293,0.11912685096873456,0.8404056775207505,0.1469413186784443,0.12233880065457936,4193600000.0,362804943,103422074880,1.0,0.63313997,Financial Data & Stock Exchanges,True
AMP,"Ameriprise Financial, Inc.",Financial Services,5,1.655498405422794,464.1199951171875,0.5440525271033746,0.8950984883188273,1.6452427729441481,0.09211452089739103,0.2453905181040399,8161000000.0,90100000,41817210880,0.56601,0.20165001,Asset Management,True
APP,Applovin Corporation,Communication Services,5,1.1317780723823567,448.2900085449219,1.5617226261095971,1.6605561231683945,1.0632849235878725,0.0,1.1228988372325643,3942776000.0,306053394,150742417408,0.87864,0.60827,Advertising Agencies,True
KLAC,KLA Corporation,Technology,5,0.4971245614197189,1935.0,0.8655692449130551,1.297462542512413,1.4989702443075377,0.14800475001670677,0.07577850433682665,3741694000.0,131076611,254244175872,0.61574,0.35764,Semiconductor Equipment & Materials,True
LLY,Eli Lilly and Company,Healthcare,5,0.3856322811143023,883.9600219726562,0.7778405879027699,1.6017712455247786,2.0592538759689925,0.5199047822453504,0.09038703757109423,5964000000.0,893357420,789692284928,0.83044,0.31667,Drug Manufacturers - General,True
ADSK,"Autodesk, Inc.",Technology,5,0.35635308442562547,237.44000244140625,0.3691297208538588,0.8978653530377668,2.4323843416370106,0.114901027271338,0.0547279857953602,2376000000.0,211000000,50099838976,0.92326,0.15597999,Software - Application,True
AMAT,"Applied Materials, Inc.",Technology,5,0.3560644991391422,417.0400085449219,0.34278716629928974,0.3453343130051433,1.0074306944841382,0.0515875742677403,0.07302798517894282,5698000000.0,793609867,330967056384,0.48724,0.27784002,Semiconductor Equipment & Materials,True
GE,GE Aerospace,Industrials,5,0.3451560497759342,284.6000061035156,0.4660277346468919,1.09733897306848,2.3546645220588234,4.473703674798427,0.11395514846114008,7264000000.0,1043337235,297358524416,0.31149,0.17863001,Aerospace & Defense,True
GDDY,GoDaddy Inc.,Technology,5,0.33520232038357256,86.04000091552734,4.0678754067875404,17.95722919572292,4.4144,0.4187703193989307,0.19657469711825604,1575500000.0,133354117,11473788928,0.63614,0.17673,Software - Infrastructure,True
LII,"Lennox International, Inc.",Industrials,5,0.29083637373351107,490.9700012207031,0.6928037142120196,1.5223970423867252,2.1974435343757754,0.18032657620922032,0.46975736014164404,638800000.0,34817885,17094536192,0.33391997,0.1551,Building Products & Equipment,True
ALL,Allstate Corporation (The),Financial Services,5,0.2828093104073867,212.8800048828125,0.3359032995753022,0.24469127736033977,0.7284574985411398,0.0,0.2810070880649389,9882000000.0,258227312,54971432960,0.31301,0.15191,Insurance - Property & Casualty,True
JNJ,Johnson & Johnson,Healthcare,5,0.2514651821633956,227.5,0.3287059746885117,0.5878176199352497,1.7882778689747798,0.17492862208168147,0.039680905732483396,19313000000.0,2407216971,547641851904,0.68035007,0.21834,Drug Manufacturers - General,True
GILD,"Gilead Sciences, Inc.",Healthcare,5,0.23504804335015972,130.39999389648438,0.37485684080697734,1.0984054268346402,2.930199764982374,0.23175690475631328,0.042584000699299684,9456000000.0,1241203736,161852948480,0.78839993,0.28903,Drug Manufacturers - General,True
JKHY,"Jack Henry & Associates, Inc.",Technology,5,0.2128917738678114,151.14999389648438,0.21388265240995066,0.07039503818226871,0.32912925564127543,0.07908884444325248,0.09417616407316265,410338000.0,72167368,10939803648,0.43842,0.20587,Information Technology Services,True
FSLR,"First Solar, Inc.",Technology,5,0.2125749487540041,193.75999450683594,0.1602254268796381,0.06870785080257451,0.42881989544760635,0.0,0.0,1187230000.0,107450760,20819658752,0.40624002,0.2928,Solar,True
AMZN,"Amazon.com, Inc.",Consumer Cyclical,5,0.20866771994082667,263.989990234375,0.1889482198679041,0.37217228418863196,1.9697051628685465,0.0,0.0,7695000000.0,10754251799,2839014801408,0.50286,0.108339995,Internet Retail,True
HWM,Howmet Aerospace Inc.,Industrials,5,0.20855755979372279,242.44000244140625,0.28171118998692324,0.6002241733607323,2.1306366047745358,0.4933568659992187,0.38382750364445894,1431000000.0,400713557,97203912704,0.34174,0.18274,Aerospace & Defense,True
CMG,"Chipotle Mexican Grill, Inc.",Consumer Cyclical,5,0.20358653258823808,34.209999084472656,0.5425553600340846,1.79318923467652,3.3050806733599822,0.21221068065899074,0.19701190502328325,1447590000.0,1302423000,44555890688,0.40098998,0.12878,Restaurants,True
FDS,FactSet Research Systems Inc.,Financial Services,5,0.18891454518100984,224.1199951171875,0.27306826294940617,0.712815465330658,2.610392938496583,0.14692041529136168,0.08223751725614559,617454000.0,36431127,8164944384,0.51936,0.24481001,Financial Data & Stock Exchanges,True
ISRG,"Intuitive Surgical, Inc.",Healthcare,5,0.17453082911125609,482.2200012207031,0.0,0.004881059245960503,inf,0.10938105461598058,0.37485914017601996,2490700000.0,354162842,170784407552,0.66292,0.28152,Medical Instruments & Supplies,True
CMI,Cummins Inc.,Industrials,5,0.17146672253495013,660.75,0.2302210705320269,0.6570572515993198,2.8540274358072457,0.10700187804815697,0.31637487620683746,2386000000.0,138257420,91353595904,0.25759,0.08444,Specialty Industrial Machinery,True
A,"Agilent Technologies, Inc.",Healthcare,5,0.16911841572063685,115.55000305175781,0.19329476338822132,0.4975522919448153,2.5740598618572523,0.03085968186944621,0.04105956570895941,1152000000.0,282602317,32654696448,0.523,0.18259001,Diagnostics & Research,True
HUBB,Hubbell Inc,Industrials,5,0.16084507134691217,553.0700073242188,0.23054133423425766,0.6464045323423165,2.80385525870815,0.2056151004726956,0.24441808658920183,874700000.0,53024734,29402087424,0.35486,0.15178001,Electrical Equipment & Parts,True
CINF,Cincinnati Financial Corporatio,Financial Services,5,0.15850319322621986,164.47999572753906,0.15039909496574697,0.05568474640186035,0.3702465524446302,0.0,0.14925433895096263,3092000000.0,155686200,25607266304,0.25018,0.18945,Insurance - Property & Casualty,True
AIZ,"Assurant, Inc.",Financial Services,5,0.1538563279569931,229.8000030517578,0.14863069691395872,0.3758600722120035,2.528818608914862,0.49887130400604707,0.5730970209554398,1598400000.0,49786997,11441051648,0.11892,0.0681,Insurance - Property & Casualty,True
GL,Globe Life Inc.,Financial Services,5,0.15084460185619103,152.55999755859375,0.19436315094335518,0.43943665319347186,2.2609051718941338,0.2364000306628602,-0.03474957735150819,1253907000.0,78444555,11967500288,0.33731997,0.19383,Insurance - Life,True
CHD,"Church & Dwight Company, Inc.",Consumer Defensive,5,0.13971383106374505,95.0199966430664,0.18409874568987056,0.5509719654190195,2.9928067318132463,0.2137844072600441,0.15661767246672476,1093000000.0,236875094,22507870208,0.45134997,0.11878,Household & Personal Products,True
AMD,"Advanced Micro Devices, Inc.",Technology,5,0.07139901118541049,347.80999755859375,0.06881061604152447,0.0610644613406562,0.8874279123414072,0.46452721068864955,0.29308334009308634,6735000000.0,1630338779,567073177600,0.52493,0.12515001,Semiconductors,True
FTNT,"Fortinet, Inc.",Technology,5,0.0,84.33999633789062,1.4976969696969697,0.8050909090909091,0.5375526060213661,0.31395586051754054,0.15371700451377657,2225800000.0,739923583,62405152768,0.80456,0.27257,Software - Infrastructure,True
AAPL,Apple Inc.,Technology,4,0.8228358730470098,271.05999755859375,1.5191298333175105,1.3380304612588665,0.8807874296937773,0.06791224750372327,-0.039450634871626145,98767000000.0,14681140000,3979469914112,0.47325,0.27037,Consumer Electronics,True
FICO,Fair Isaac Corporation,Technology,4,0.6364300156441112,1004.719970703125,0.0,inf,4.716461179300126,0.23329709791157827,0.13670919412558202,739400000.0,23722134,23834101760,0.82857,0.31886998,Software - Application,True
GEV,GE Vernova Inc.,Industrials,4,0.5186945480262312,1149.18994140625,0.4369296833064949,0.10484881016281983,0.23996723996723995,0.0,0.0,3710000000.0,268719995,308810317824,0.20282,0.23809999,Specialty Industrial Machinery,True
EXPD,Expeditors International of Was,Industrials,4,0.48391614679262823,147.55999755859375,0.3439975581934877,0.24222321558578946,0.7041422528050231,-0.10509601243432587,-0.22432555190469994,953400000.0,132984007,19623120896,0.13435,0.07321,Integrated Freight & Logistics,True
EXPE,"Expedia Group, Inc.",Consumer Cyclical,4,0.4354746930775554,251.44000244140625,1.0077881619937694,4.996105919003115,4.957496136012365,0.6639638732823052,0.03834748630944329,3110000000.0,117011421,30810169344,0.90116996,0.08783,Travel Services,True
CL,Colgate-Palmolive Company,Consumer Defensive,4,0.32215277500811906,84.6500015258789,39.48148148148148,158.40740740740742,4.012195121951219,0.07417434195421602,0.2501361858790321,3634000000.0,802301915,67914854400,0.60107,0.1046,Household & Personal Products,True
ITW,Illinois Tool Works Inc.,Industrials,4,0.28411330592793793,269.2900085449219,0.9506976744186046,2.856124031007752,3.0042400521852577,0.023913387524434615,0.11822097499966633,2707000000.0,288078076,77609377792,0.44097,0.1911,Specialty Industrial Machinery,True
CLX,Clorox Company (The),Consumer Defensive,4,0.2789562773466194,98.68000030517578,2.5233644859813085,8.97196261682243,3.5555555555555554,-0.2636278820458453,0.12463162432326258,761000000.0,120911863,11931582464,0.44155,0.111719996,Household & Personal Products,True
APH,Amphenol Corporation,Technology,4,0.2565854792068104,149.7100067138672,0.3183678642521117,1.1557358105136024,3.630189916399316,0.30071498327375346,0.34714040990969597,4378100000.0,1229430709,184058068992,0.37217999,0.1849,Electronic Components,True
HCA,"HCA Healthcare, Inc.",Healthcare,4,0.21301264532476036,432.4599914550781,0.0,inf,7.178213443396227,0.15841581107239366,0.23065107546526398,7692000000.0,223568966,96684630016,0.41612998,0.08894,Medical Care Facilities,True
KO,Coca-Cola Company (The),Consumer Defensive,4,0.20857313482443648,76.62999725341797,0.4074419472162641,1.4141564860580063,3.470817120622568,0.11504497834166227,-0.1779638000683169,5296000000.0,4304152877,329827254272,0.61626,0.2734,Beverages - Non-Alcoholic,True
ALLE,Allegion plc,Industrials,4,0.19732421295372835,146.10000610351562,0.3113755078351712,0.9576804023989166,3.0756446101273687,0.0845229879921161,0.20133063988641808,685700000.0,85935755,12555213824,0.45196998,0.15829,Security & Protection Services,True
AON,Aon plc,Financial Services,4,0.17983148724980347,321.1400146484375,0.3951026518391788,1.7184559452523525,4.349391069012179,0.11842753561269515,0.021055378916823964,3218000000.0,214254496,69024317440,0.47197,0.21506001,Insurance Brokers,True
FOXA,Fox Corporation,Communication Services,4,0.17934120845365784,62.849998474121094,0.18918241096806554,0.6240595218190937,3.2987185152452496,0.32515398101492243,0.2381074622807049,2993000000.0,200693856,26736142336,0.35439,0.11407,Entertainment,True
FOX,Fox Corporation,Communication Services,4,0.17934120845365784,56.16999816894531,0.18918241096806554,0.6240595218190937,3.2987185152452496,0.32515398101492243,0.2381074622807049,2993000000.0,224702222,23894495232,0.35439,0.11407,Entertainment,True
LDOS,"Leidos Holdings, Inc.",Technology,4,0.1779587123458315,146.05999755859375,0.29454841334418225,1.0648901545972336,3.6153314917127073,0.312696115819322,0.23484995391535723,1625000000.0,125928552,18460915712,0.18045,0.084309995,Information Technology Services,True
CSCO,"Cisco Systems, Inc.",Technology,4,0.17481555139762078,89.01000213623047,0.21732169160813783,0.599726746792477,2.7596267190569743,-0.024134934955603482,0.013898544116964118,13288000000.0,3949893042,351579996160,0.64814,0.18756,Communication Equipment,True
BR,"Broadridge Financial Solutions,",Technology,4,0.17058063679245158,155.07000732421875,0.3161720397710154,1.3027267249171437,4.120309708159619,0.15777915651860397,0.41814010216390507,1056400000.0,116748715,18104223744,0.31219998,0.14864,Information Technology Services,True
CAT,"Caterpillar, Inc.",Industrials,4,0.16745811141177733,830.7899780273438,0.4167370297401257,2.03255464865372,4.877307519135525,0.14110313261977447,0.12987626741358516,7453000000.0,465287332,386556035072,0.28795,0.13144,Farm & Heavy Construction Machinery,True
PODD,Insulet Corporation,Healthcare,4,0.16605662437763422,189.55999755859375,0.16307001913812447,0.6264106117600475,3.8413597733711047,1.8796836072181118,0.0,349900000.0,69263714,13129628672,0.71633005,0.091239996,Medical Devices,True
EPAM,"EPAM Systems, Inc.",Technology,4,0.15380259451657916,118.9800033569336,0.10270731252308125,0.03907945826555126,0.38049343620756304,-0.026180339499412897,0.170072617312909,612691000.0,52756846,6277009920,0.28877002,0.06921,Information Technology Services,True
IBM,International Business Machines,Technology,4,0.14983512437563146,231.97999572753906,0.3244609164420485,1.978896103896104,6.099027659775324,0.8412057159046922,0.10617435101575201,11455000000.0,939885280,218034585600,0.58358,0.15606,Information Technology Services,True
EOG,"EOG Resources, Inc.",Energy,4,0.1481977783771297,133.1300048828125,0.16692923943284282,0.2818355512352093,1.6883534136546186,-0.11679044247624548,-0.17270073405333708,3450000000.0,535715814,71319846912,0.6202,0.21982999,Oil & Gas E&P,True
ETN,"Eaton Corporation, PLC",Industrials,4,0.14605347039489258,423.9200134277344,0.2103989703989704,0.5421879021879021,2.5769513090286273,0.1931417414437222,0.22453559196768258,3553000000.0,387985340,164474748928,0.37772998,0.1489,Specialty Industrial Machinery,True
ALGN,"Align Technology, Inc.",Healthcare,4,0.1337275825500796,189.61000061035156,0.10134257906665281,0.028264224539143675,0.2788978216210025,0.07001898970817333,0.21029042848962543,490778000.0,71617275,13579351040,0.69805,0.1017,Medical Instruments & Supplies,True
EW,Edwards Lifesciences Corporatio,Healthcare,4,0.13237802277816363,84.1500015258789,0.10384421916112056,0.06823634112366507,0.6571029343269679,-0.0922611871208272,0.11875598765658246,1335000000.0,576541693,48515985408,0.77866,0.1739,Medical Devices,True
JBHT,"J.B. Hunt Transport Services, I",Industrials,4,0.13060708212488345,248.58999633789062,0.16781703662044523,0.4114339489801786,2.451681648453405,-0.12197652285730631,0.5892149716033752,947585000.0,94299000,23517628416,0.18861,0.051269997,Integrated Freight & Logistics,True
ECL,Ecolab Inc.,Basic Materials,4,0.12915252170142927,269.489990234375,0.2124288696933721,0.9208560199778933,4.334891115821931,0.2415619668010267,0.20974784725025342,1904300000.0,282423768,76110381056,0.44512,0.12907,Specialty Chemicals,True
CMCSA,Comcast Corporation,Communication Services,4,0.1232345623094594,27.559999465942383,0.20637131977338163,1.0209900622271757,4.947344734473448,0.633712051661514,0.1500401546539305,19235000000.0,3562784182,98450620416,0.70129997,0.15004,Telecom Services,True
BSX,Boston Scientific Corporation,Healthcare,4,0.09398611652840014,62.06999969482422,0.1195939253879168,0.4719379333113239,3.9461697722567286,0.6331065444754704,0.5500574158769729,3404000000.0,1486175167,92246884352,0.68633,0.17294,Medical Devices,True
AMT,American Tower Corporation (REI,Real Estate,4,0.0706158385910336,178.2100067138672,0.692539356605065,12.310444900752909,17.775805495157147,0.12201715489940046,0.2756688484627583,3783600000.0,466370068,83111813120,0.74183,0.23763001,REIT - Specialty,True
CTVA,"Corteva, Inc.",Basic Materials,4,0.05936238028925894,79.80000305175781,0.045311464546056994,0.10685884691848907,2.3583180987202925,0.002092056307007928,1.1927496276897047,2815000000.0,671356502,53574250496,0.4729,0.06287,Agricultural Inputs,True
DPZ,Domino's Pizza Inc,Consumer Cyclical,3,0.7389136853331217,367.8299865722656,0.0,inf,8.389979125948972,0.11882506303397244,0.20053454626480183,671504000.0,33625700,12368540672,0.28625,0.121800005,Restaurants,True
IT,"Gartner, Inc.",Technology,3,0.42336900892490503,150.5500030517578,2.279502231891669,10.465352538854921,4.591069222235478,-0.01340644274243774,0.05763575073138649,1175223000.0,67510191,10163659776,0.68393,0.11224,Information Technology Services,True
DELL,Dell Technologies Inc.,Technology,3,0.41193814807853923,216.08999633789062,0.0,inf,5.307109164420485,0.3907417535299589,1.4780522476860227,8552000000.0,325654621,140499288064,0.20125,0.05228,Computer Hardware,True
COR,"Cencora, Inc.",Healthcare,3,0.3680371976502665,308.19000244140625,1.0306030626935072,5.080024190676642,4.9291762993599795,-0.005345496836891228,0.1327139190078339,3207139000.0,194530682,59952414720,0.03613,0.0049900003,Medical Distribution,True
HLT,Hilton Worldwide Holdings Inc.,Consumer Cyclical,3,0.2779575069075728,335.6300048828125,0.0,inf,8.98627316403569,0.10664385671722121,0.07177768411621499,1944000000.0,228795935,76957147136,0.77917,0.29411,Lodging,True
JBL,Jabil Inc.,Technology,3,0.2594143801778521,341.6499938964844,0.43423661599471247,2.2247191011235956,5.123287671232877,-0.052784382980690436,0.6393889054772124,1172000000.0,105502622,36044972032,0.09037,0.02477,Electronic Components,True
EBAY,eBay Inc.,Consumer Cyclical,3,0.22248564174409455,97.94000244140625,0.4400866738894908,1.5557963163596966,3.5352043328409652,0.0,-0.07383013027812035,1434000000.0,448000000,43877122048,0.71449995,0.18297,Internet Retail,True
CHRW,"C.H. Robinson Worldwide, Inc.",Industrials,3,0.20972890355387663,183.02999877929688,0.31808953716501587,0.7560416482675181,2.376820234345857,-0.13269322007146156,-0.17838285695925038,843976000.0,117850413,21711171584,0.08550999,0.036170002,Integrated Freight & Logistics,True
BBY,"Best Buy Co., Inc.",Consumer Cyclical,3,0.20576948329327507,60.45000076293945,0.3606612685560054,1.3943994601889338,3.8662301216089805,-0.07094722286213162,0.12059248962939506,1258000000.0,209112577,12666397696,0.22482,0.02564,Specialty Retail,True
CF,"CF Industries Holdings, Inc.",Basic Materials,3,0.20303747748090842,120.93000030517578,0.30074410913600663,0.7515502273666804,2.4989690721649485,-0.1827213670803356,-0.1903264521263125,1801000000.0,153616434,18576834560,0.38452998,0.20538999,Agricultural Inputs,True
AMGN,Amgen Inc.,Healthcare,3,0.18616618455706224,344.54998779296875,0.8906213906213907,6.306768306768307,7.0813124108416545,0.055681637144215035,-0.02669769694613533,8100000000.0,539067675,185735757824,0.70783997,0.20982,Drug Manufacturers - General,True
LVS,Las Vegas Sands Corp.,Consumer Cyclical,3,0.1797958247922219,52.810001373291016,1.0232704402515724,9.927044025157233,9.701290719114935,-0.006993235789038321,0.0,1780000000.0,663618211,35045679104,0.77802,0.13406,Resorts & Casinos,True
APA,APA Corporation,Energy,3,0.1679636311494921,37.72999954223633,0.23535204332840964,0.7533234859675036,3.200836820083682,-0.04283421393372766,-0.11251152808303355,1779000000.0,353400414,13333797888,0.68014,0.16510999,Oil & Gas E&P,True
CTSH,Cognizant Technology Solutions ,Technology,3,0.15734059077986376,55.11000061035156,0.1485181485181485,0.07672327672327672,0.5165919282511211,0.011186610312547307,0.05088498682960241,2595000000.0,478246920,26356187136,0.33717,0.10564999,Information Technology Services,True
BF-B,Brown Forman Inc,Consumer Defensive,3,0.15394364940312263,28.309999465942383,0.21763085399449036,0.6844477836213373,3.144994246260069,0.016857098653485503,-0.1856243251643418,431000000.0,290262390,12985899008,0.59335,0.20639,Beverages - Wineries & Distilleries,True
BMY,Bristol-Myers Squibb Company,Healthcare,3,0.15308487948397714,58.709999084472656,0.38185459860336707,2.5517782709900936,6.682591437482279,0.053232718244871524,0.02442373363500816,12845000000.0,2041735455,119870283776,0.72623,0.14637,Drug Manufacturers - General,True
DAL,"Delta Air Lines, Inc.",Industrials,3,0.15086665286714124,68.44999694824219,0.24001342732460557,0.9722342109049058,4.05074925074925,0.5507756920805322,0.0,3843000000.0,656994112,44971245568,0.19900998,0.068670005,Airlines,True
KEYS,Keysight Technologies Inc.,Technology,3,0.13941963801738166,346.9599914550781,0.14453324264580852,0.4723686447883013,3.268235294117647,-0.07629956427281503,0.10131149999874056,1281000000.0,171502495,59504504832,0.61864,0.16946,Scientific & Technical Instruments,True
GD,General Dynamics Corporation,Industrials,3,0.13730128694085939,313.2099914550781,0.16431191944422763,0.38205448442744516,2.3251781472684088,0.0833083641488519,0.04542790335010327,3959000000.0,270845862,84831625216,0.1513,0.08011,Aerospace & Defense,True
BKR,Baker Hughes Company,Energy,3,0.13218957912325074,68.94000244140625,0.1374110650950409,0.3231920993947117,2.3520092735703244,0.0,0.41314564730955383,2537000000.0,991757347,68371755008,0.23643999,0.11171,Oil & Gas Equipment & Services,True
DOV,Dover Corporation,Industrials,3,0.12738508319627864,224.77999877929688,0.14772796327340523,0.48274187105665933,3.267775852045238,0.022685407587785367,0.23249980656517155,1113312000.0,134661414,30269190144,0.40041,0.13304,Specialty Industrial Machinery,True
AME,"AMETEK, Inc.",Industrials,3,0.12361044562267952,232.9499969482422,0.13925786068136098,0.22057476742875431,1.5839304607260656,0.0840138487543931,0.1827062679565401,1671515000.0,229065429,53360791552,0.36383,0.19999,Specialty Industrial Machinery,True
DHI,"D.R. Horton, Inc.",Consumer Cyclical,3,0.12162598647590761,159.89999389648438,0.14820755340961703,0.2493179112375157,1.6822213544572129,-0.11298568222167993,0.9948894344524908,3283500000.0,283579613,45344378880,0.21597,0.09513,Residential Construction,True
AFL,AFLAC Incorporated,Financial Services,3,0.12077308543675926,114.62000274658203,0.12363513055272973,0.285147507629705,2.3063631376851346,-0.005780475956310149,-0.1299242959189263,2555000000.0,515183672,59050356736,0.46644002,0.21242,Insurance - Life,True
ABT,Abbott Laboratories,Healthcare,3,0.11880967916478247,91.12999725341797,0.12514866679455208,0.26587377709572224,2.124463519313305,-0.019839451636048278,-0.017784072013788288,7395000000.0,1737674869,158355046400,0.56465,0.13904999,Medical Devices,True
XYZ,"Block, Inc.",Technology,3,0.11871108656315396,71.62999725341797,0.05880110130128978,0.40381299495529643,6.867439316930599,0.0,6.810920250814379,2424676000.0,539103000,43527045120,0.43056,0.053969998,Software - Infrastructure,True
CB,Chubb Limited,Financial Services,3,0.11869171639563647,326.1199951171875,0.1397833425979907,0.2335642718657212,1.67090203685742,0.26072124941367014,0.04415206441962405,12816000000.0,388495580,126696177664,0.31062,0.18509,Insurance - Property & Casualty,True
LIN,Linde plc,Basic Materials,3,0.11582160268142451,510.29998779296875,0.18036344620211792,0.7339260033991372,4.0691504783995365,0.20961705388912644,-0.03658229821538084,5089000000.0,463394156,236470026240,0.48835,0.20297001,Specialty Chemicals,True
CPAY,"Corpay, Inc.",Technology,3,0.11442377206110918,312.9100036621094,0.2754540323760049,2.5751898109717537,9.348891315036276,0.06466632115395221,0.29129324061722994,1299145000.0,66131990,20693362688,0.7968,0.23625,Software - Infrastructure,True
T,AT&T Inc.,Communication Services,3,0.11035670619666875,26.200000762939453,0.19861036975382917,1.402685170944424,7.0624971530087,0.0,0.16182694896604244,19442000000.0,6965000000,182932226048,0.59414,0.16938,Telecom Services,True
COP,ConocoPhillips,Energy,3,0.10764820693369703,121.76000213623047,0.12386992727216338,0.36354614108269884,2.9349023535302954,-0.24228960095964358,-0.2638368447938533,7243000000.0,1218853041,148407549952,0.4618,0.13252,Oil & Gas E&P,True
CTRA,Coterra Energy Inc.,Energy,3,0.10052398578921358,33.529998779296875,0.11571640382800917,0.2707238172260412,2.33954571927781,-0.23823401095289032,-0.24160622478517002,1634000000.0,759352619,25461092352,0.74124,0.2456,Oil & Gas E&P,True
BLK,"BlackRock, Inc.",Financial Services,3,0.09867610139598873,1044.969970703125,0.09935943315201833,0.26832235900372176,2.700522240230506,0.014554457655718611,-0.07049441006139112,3552000000.0,155364965,162351710208,0.46890998,0.24396999,Asset Management,True
EIX,Edison International,Utilities,3,0.09741824218496331,68.86000061035156,0.26742135502588316,2.3635587917401444,8.838332269729845,0.9303122248817375,0.0,-715000000.0,384905951,26504624128,0.5783,0.23083,Utilities - Regulated Electric,True
EG,"Everest Group, Ltd.",Financial Services,3,0.09691014186961795,343.3800048828125,0.10291073738680466,0.23214747736093144,2.255813953488372,0.35512079144898445,-0.06010291175164906,3068000000.0,40020144,13742116864,0.124960005,0.0907,Insurance - Reinsurance,True
EXE,Expand Energy Corporation,Energy,3,0.0871479599097034,96.44000244140625,0.09791150823554742,0.27236516309613523,2.781748213304013,-0.4170149773332493,-0.10614824337522888,1644000000.0,240398260,23184009216,0.45321998,0.15628,Oil & Gas E&P,True
DASH,"DoorDash, Inc.",Consumer Cyclical,3,0.08032990781022596,176.77999877929688,0.09319246486594239,0.3279178710256155,3.518716577540107,0.0,3.4302390363432558,1826000000.0,411364274,77031251968,0.51826,0.06816,Internet Retail,True
EQT,EQT Corporation,Energy,3,0.07600326829770294,58.90999984741211,0.08585335455031026,0.33084489802980943,3.853604786472654,-0.11413085912105714,0.11172775171528082,2837527000.0,625478000,36846911488,0.80966,0.35074002,Oil & Gas E&P,True
BIIB,Biogen Inc.,Healthcare,3,0.06941869461143566,184.3800048828125,0.0708174488409798,0.3602602865781517,5.0871683811586355,-0.25035357350139065,0.19946811353580007,1969200000.0,146758528,27059337216,0.78946,0.13071999,Drug Manufacturers - General,True
BRO,"Brown & Brown, Inc.",Financial Services,3,0.06723412304239161,65.9000015258789,0.08400414441699211,0.6310671873754682,7.512333965844403,0.12292559600812836,0.18572644011896222,1382000000.0,339559191,22433681408,0.49071997,0.18289,Insurance Brokers,True
IR,Ingersoll Rand Inc.,Industrials,3,0.06617671515147097,83.80999755859375,0.057622549505441135,0.48063390751055524,8.341073271413828,-0.006756963113278114,0.16800739745179705,1220100000.0,391617994,33114202112,0.43607,0.07599,Specialty Industrial Machinery,True
DLR,"Digital Realty Trust, Inc.",Real Estate,3,0.042404253843989825,200.0,0.05707965784893549,0.8573515191250958,15.020263810868041,0.46760418495600065,0.13279489125492927,2412136000.0,348924000,69784797184,0.55347997,0.21823,REIT - Specialty,True
DDOG,"Datadog, Inc.",Technology,3,0.025406461531674106,129.47999572753906,0.02886791350745377,0.34269410638105186,11.871107563508785,0.0,0.37285627457997883,914717000.0,328483364,45816668160,0.79976,0.03144,Software - Application,True
ACN,Accenture plc,Technology,3,0.0,178.36000061035156,0.24613954870207658,0.2623096332714717,1.0656947843394609,0.04177543584643373,0.07216179167121783,10874360000.0,613939268,109769015296,0.32026002,0.10606,Information Technology Services,True
AXP,American Express Company,Financial Services,3,0.0,314.0799865722656,0.32362430543108084,1.7254884387883134,5.331764054278593,0.1604913506402137,-0.05929695644100763,16003000000.0,682326443,214305079296,0.62669,0.16305,Credit Services,True
BX,Blackstone Inc.,Financial Services,3,0.0,121.6500015258789,0.34841670315223794,1.5355288299867775,4.407161930224224,0.17923308120835912,-0.09330404067302822,4547458000.0,742180737,148688175104,1.0,0.21213,Asset Management,True
BKNG,Booking Holdings Inc. Common St,Consumer Cyclical,3,0.0,180.25,0.0,inf,3.570133234641007,2.786201143483998,0.13676371886731986,9087000000.0,778173152,140265717760,0.87357,0.20076999,Travel Services,True
SCHW,Charles Schwab Corporation (The,Financial Services,3,0.0,88.5,0.179099645928174,0.6262215477996965,3.496497966561229,0.09881540394851074,1.005738583040797,8763000000.0,1738099441,155070627840,0.9746,0.37986,Capital Markets,True
CRWD,"CrowdStrike Holdings, Inc.",Technology,3,-1.2498156880924596,448.1300048828125,-0.0366955033319107,0.18518626408243177,inf,0.0,0.22547766642355227,1241490000.0,253614090,113652088832,0.74808997,-0.033770002,Software - Infrastructure,True
MO,"Altria Group, Inc.",Consumer Defensive,2,0.43962617054836906,66.87999725341797,0.0,inf,3.7007341298402188,0.08471035389159876,0.04067786209696744,9074000000.0,1671313564,111816540160,0.87343,0.34495,Tobacco,True
AZO,"AutoZone, Inc.",Consumer Cyclical,2,0.3355061504918465,3577.909912109375,0.0,inf,4.918967580067143,0.07187148755829886,-0.10994295219257444,1790080000.0,16476820,59278176256,0.51875997,0.124689996,Auto Parts,True
MMM,3M Company,Industrials,2,0.3244826886096444,145.99000549316406,0.6911952360697575,2.6801361122926415,3.8775384615384616,-0.1600697727379381,-0.286419972636918,1396000000.0,521567261,76143607808,0.39714,0.11137,Conglomerates,True
LMT,Lockheed Martin Corporation,Industrials,2,0.24543815833545277,513.4500122070312,0.746466299657789,3.228686207409612,4.325294000398644,-0.0027675418263768403,0.04051911024828336,6908000000.0,230563608,118382895104,0.09906,0.06382,Aerospace & Defense,True
HD,"Home Depot, Inc. (The)",Consumer Cyclical,2,0.20829338292984342,335.8900146484375,1.1048154218371966,5.100288769218762,4.61641706696807,-0.05204434004947811,0.032290999550243615,12646000000.0,996027658,334555742208,0.33316,0.08596,Home Improvement Retail,True
KMB,Kimberly-Clark Corporation,Consumer Defensive,2,0.1983820047542719,97.8499984741211,1.3455392809587217,4.857523302263648,3.610094012864918,0.020518519246802258,-0.0407708900132383,1639000000.0,331925766,32478935040,0.37308,0.122880004,Household & Personal Products,True
AXON,"Axon Enterprise, Inc.",Industrials,2,0.18824371634305936,397.1199951171875,0.03844253695579367,0.5889193371610574,15.319471184700296,-0.0822665830469097,-0.2522192343291907,75081000.0,80572201,31996831744,0.59823,0.044850003,Aerospace & Defense,True
LYV,"Live Nation Entertainment, Inc.",Communication Services,2,0.17597276076161586,156.63999938964844,1.8301077093949603,38.3915766013424,20.977768906309226,,-0.4095761051289539,304979000.0,235124811,36829949952,0.25546,0.01968,Entertainment,True
CDW,CDW Corporation,Technology,2,0.1590380351116211,135.32000732421875,0.4092705575380837,2.2207896857373086,5.426214138383649,-0.004469787419988491,-0.03427092089976447,1088100000.0,127974463,17455413248,0.21733,0.04756,Information Technology Services,True
APO,"Apollo Global Management, Inc. ",Financial Services,2,0.15557989022689112,124.26000213623047,0.1496079859474744,0.5725547320166231,3.8270332187857963,0.0031775066012014186,0.24124613198334055,7246000000.0,578247338,71853015040,0.37342,0.109840006,Asset Management,True
GEHC,GE HealthCare Technologies Inc.,Healthcare,2,0.15065774556008663,68.83000183105469,0.2007900568455535,1.0080932652471337,5.02063339731286,-0.005065209864962172,-0.0584423324152028,1505000000.0,456290143,31406450688,0.39985,0.10104,Medical Devices,True
DVN,Devon Energy Corporation,Energy,2,0.13516034066380286,47.939998626708984,0.17014425553838228,0.5529366306027821,3.2498107494322483,-0.22988234912800876,-0.06346261857166091,2797000000.0,621440299,29791848448,0.47699,0.16473,Oil & Gas E&P,True
DLTR,"Dollar Tree, Inc.",Consumer Defensive,2,0.12777468789452187,103.75,0.3415537031612027,1.879038056938933,5.501442495126706,-0.0488482159878757,0.12967805908583063,1400000000.0,197298217,20469690368,0.36693,0.06607,Discount Stores,True
DVA,DaVita Inc.,Healthcare,2,0.11286285165661113,151.85000610351562,0.0,inf,17.239259885137045,0.1860242152859375,0.10891518288924917,1310636000.0,65944342,10013648896,0.32255,0.05474,Medical Care Facilities,True
CSX,CSX Corporation,Industrials,2,0.11104640951644885,45.40999984741211,0.21961231470923603,1.4710756366400608,6.698511595707857,-0.08328284376236161,-0.20560242987019417,1711000000.0,1858138856,84378083328,0.46816003,0.21553,Railroads,True
CCL,Carnival Corporation,Consumer Cyclical,2,0.10699523255261345,27.170000076293945,0.22468251383914034,2.278817974601107,10.142391304347827,0.0,0.0,2607000000.0,1239000212,37634244608,0.55966,0.11476,Travel Services,True
GEN,Gen Digital Inc.,Technology,2,0.10484232472334458,19.040000915527344,0.28338475099162624,3.6646099603349493,12.931570762052877,-0.10279789798545258,0.07602901824326769,1206000000.0,605663774,11531838464,0.78845,0.12757,Software - Infrastructure,True
STZ,"Constellation Brands, Inc.",Consumer Defensive,2,0.10386165477096941,156.0,0.2086880134613481,1.386048698406414,6.6417264480939116,0.0,0.013845560746898355,1794000000.0,172172544,26862960640,0.51651,0.18456,Beverages - Brewers,True
BALL,Ball Corporation,Consumer Cyclical,2,0.1011666954248019,61.31999969482422,0.16823464305478694,1.2934882862940418,7.68859649122807,0.13624711126620603,0.0,788000000.0,266153058,16320504832,0.19588,0.069299996,Packaging & Containers,True
XOM,Exxon Mobil Corporation,Energy,2,0.10083713140210718,148.91000366210938,0.11120106713546606,0.16784637567177874,1.5093953681874914,-0.20351593235352716,-0.2605114854361147,23612000000.0,4156559415,618953244672,0.31049,0.089049995,Oil & Gas Integrated,True
IEX,IDEX Corporation,Industrials,2,0.10040407698068751,204.74000549316406,0.11997517070142769,0.4589944134078212,3.825745033112583,-0.06091330042742904,0.0801733711336221,616800000.0,74202616,15221974016,0.44522998,0.13975,Specialty Industrial Machinery,True
CASY,"Caseys General Stores, Inc.",Consumer Cyclical,2,0.0994996920875479,799.5499877929688,0.15576272490715856,0.8430257048967272,5.412242918831882,0.1721608306748177,0.08142494156399205,584630000.0,36959030,29636866048,0.24535999,0.03828,Specialty Retail,True
IQV,"IQVIA Holdings, Inc.",Healthcare,2,0.09478775659567909,162.27999877929688,0.20913424573273873,2.4525603567584193,11.72720588235294,0.10768897453115445,0.08948392261043803,2051000000.0,167866339,27241349120,0.33291999,0.083380006,Diagnostics & Research,True
DE,Deere & Company,Industrials,2,0.09185237545841657,562.6400146484375,0.19371868978805395,2.4759152215799616,12.780982693455341,-0.074764386282278,0.5250105928832174,3231000000.0,270107282,151973167104,0.26248,0.10302,Farm & Heavy Construction Machinery,True
BRK-B,Berkshire Hathaway Inc. New,Financial Services,2,0.08958971656839036,469.32000732421875,0.09334572962243821,0.17992414474665433,1.9275026878509138,0.012962188957942766,0.04592579078824954,25042000000.0,1390722404,1012262699008,0.26146,0.18029,Insurance - Diversified,True
FISV,"Fiserv, Inc.",Unknown,2,0.08668874267322607,60.84000015258789,0.1349255583126551,1.1291485732009925,8.36867816091954,0.1751302532200345,0.11051742262210151,4299000000.0,532998979,32535863296,0.0,0.0,Unknown,True
JCI,Johnson Controls International ,Industrials,2,0.08562701838415276,141.9199981689453,0.2545834300301694,0.7642917923725536,3.0021270130659374,0.3134108871578116,-0.13730732421000336,965000000.0,612066206,86864429056,0.36466998,0.14169,Building Products & Equipment,True
EFX,"Equifax, Inc.",Industrials,2,0.08516418722770366,172.47000122070312,0.14340942162760897,1.1062050691744674,7.713615023474178,-0.01971842224932796,1.045163983760279,1134300000.0,119072409,20805849088,0.56124,0.11123,Consulting Services,True
LEN,Lennar Corporation,Consumer Cyclical,2,0.0849470256957415,94.05000305175781,0.09463725744631563,0.26753875114261916,2.826991803882149,-0.20261868536767558,-0.7936693239469426,28183000.0,215244398,23164356608,0.16871001,0.0539,Residential Construction,True
CHTR,"Charter Communications, Inc.",Communication Services,2,0.08248439410713224,180.1300048828125,0.3106390930609194,6.049644948299489,19.474834569881693,0.056397446746913715,-0.07316236098381579,4418000000.0,141178369,25430460416,0.55253,0.09029,Telecom Services,True
ICE,Intercontinental Exchange Inc.,Financial Services,2,0.08243690913353348,158.4499969482422,0.11464637731281342,0.7013314888466194,6.1173453996983405,0.3075538984411992,0.08010834127843047,3871000000.0,566430761,89750953984,1.0,0.33380002,Financial Data & Stock Exchanges,True
ESS,"Essex Property Trust, Inc.",Real Estate,2,0.07793675999807965,255.3699951171875,0.12084841082677719,1.2364728446312574,10.23160202250077,0.183737118876667,0.04759632465732122,934075000.0,64477129,16465523712,0.68583,0.346,REIT - Residential,True
EQR,Equity Residential,Real Estate,2,0.07448903632323765,62.2599983215332,0.10144356305244424,0.767974076708244,7.570456454799574,0.12715834800296855,0.017994152646718664,1289704000.0,374674719,23327248384,0.62878,0.36202,REIT - Residential,True
LNT,Alliant Energy Corporation,Utilities,2,0.07439145726929136,72.30999755859375,0.11044450504499591,1.6520316334878646,14.958024691358025,0.048856246288386806,0.33985997538830537,1169000000.0,258276483,18675972096,0.45667,0.18569,Utilities - Regulated Electric,True
DG,Dollar General Corporation,Consumer Defensive,2,0.07317638873216695,120.70999908447266,0.17766890876627503,1.8466548605362665,10.393798630043689,-0.2062994740159002,0.780554530467686,2393338000.0,220226320,26583519232,0.30661,0.0354,Discount Stores,True
CCI,Crown Castle Inc.,Real Estate,2,0.07295721218669093,86.33999633789062,0.0,inf,66.59009009009009,-0.35884494761432817,0.2239507146129689,2875000000.0,436367346,37675958272,0.73819,0.25136,REIT - Specialty,True
FRT,Federal Realty Investment Trust,Real Estate,2,0.07210824917506112,111.04000091552734,0.1265346376785274,1.5477757315087028,12.23203195508384,-0.0021276660025275618,0.49003024692570096,331040000.0,86388213,9592547328,0.67917,0.32092997,REIT - Retail,True
LHX,"L3Harris Technologies, Inc.",Industrials,2,0.0708262238109049,317.510009765625,0.08179271708683473,0.5661319073083779,6.921544209215442,0.15653030986530259,0.12058625823381863,2682000000.0,186785895,59306389504,0.30414,0.103690006,Aerospace & Defense,True
AIG,"American International Group, I",Financial Services,2,0.06954434795664682,75.13999938964844,0.07525705534893896,0.22341330610855878,2.968669250645995,-0.2521122479821929,-0.07104642460865984,3314000000.0,534866770,40189890560,0.34113997,0.11634,Insurance - Diversified,True
AEP,American Electric Power Company,Utilities,2,0.06808398253155629,134.72999572753906,0.11497205986254737,1.5899543965572611,13.829050279329609,0.14103619318625982,0.0,-1639000000.0,543563480,73234300928,0.47522,0.16364999,Utilities - Regulated Electric,True
ADI,"Analog Devices, Inc.",Technology,2,0.06335402043416209,399.57000732421875,0.06704987068897324,0.256229973277249,3.8214834815391767,-0.04621093762089157,0.04252862506739885,4278650000.0,488204157,195071737856,0.62842,0.23024,Semiconductors,True
ETR,Entergy Corporation,Utilities,2,0.06121082717204368,113.63999938964844,0.10457129688533062,1.8242007524910255,17.4445646829013,0.1380808157293214,0.0,-2790700000.0,457798633,52024233984,0.47717,0.13581,Utilities - Regulated Electric,True
ATO,Atmos Energy Corporation,Utilities,2,0.059047219268408356,185.4499969482422,0.08841092449308166,0.6861554301273924,7.760980151056847,0.10357747663756056,0.0,-1511943000.0,165438946,30680651776,0.57824004,0.25667998,Utilities - Regulated Gas,True
D,"Dominion Energy, Inc.",Utilities,2,0.05849738846906042,62.58000183105469,0.1030842760375477,1.682804387442836,16.324549699799867,0.4203028846057919,0.0,-7280000000.0,878964717,55005614080,0.49019,0.18163,Utilities - Regulated Electric,True
CVX,Chevron Corporation,Energy,2,0.05848280598372673,185.2100067138672,0.06596406543309198,0.21860016090104586,3.313927961622896,-0.28717489047634626,-0.23886352505659136,16592000000.0,1991898801,368919576576,0.41896,0.06661,Oil & Gas Integrated,True
EXR,Extra Space Storage Inc,Real Estate,2,0.05795052229191778,142.08999633789062,0.07250703222159244,1.041582974557152,14.365268342164622,-0.10535332538619724,0.14598827978529405,1829054000.0,211197320,30009024512,0.75028,0.28261998,REIT - Industrial,True
DUK,Duke Energy Corporation (Holdin,Utilities,2,0.057751207665455856,127.2699966430664,0.09582963620230701,1.7528066046834614,18.290861513687602,0.2374520379781513,0.0,-1694000000.0,778216672,99043639296,0.51897,0.15628,Utilities - Regulated Electric,True
KR,Kroger Company (The),Consumer Defensive,2,0.05749542023888034,67.2300033569336,0.1714189303188797,4.1660199088915135,24.30314960629921,-0.2062994740159002,0.3451223737416764,3456000000.0,612575611,42546450432,0.241,0.0068800002,Grocery Stores,True
AJG,Arthur J. Gallagher & Co.,Financial Services,2,0.05690025615997501,215.3800048828125,0.06406243300030016,0.5782342095107413,9.026104417670682,0.0325999815721385,0.13922019016305098,1785000000.0,256888062,55374200832,0.42163,0.11484,Insurance Brokers,True
DHR,Danaher Corporation,Healthcare,2,0.05656993399398805,177.25,0.06879354322914684,0.3749191000114212,5.4499169894853345,-0.19722477453243914,-0.10758859213825567,5260000000.0,707770627,125452345344,0.58992,0.14887999,Diagnostics & Research,True
INVH,Invitation Homes Inc.,Real Estate,2,0.05293742975128271,27.1299991607666,0.06169106576907854,0.8793183557163742,14.253576992944666,0.1803380350230399,0.057149141086135335,963478000.0,599446021,16262970368,0.58247,0.21632999,REIT - Residential,True
FE,FirstEnergy Corp.,Utilities,2,0.052253672592717765,49.40999984741211,0.0815347721822542,2.1227817745803357,26.03529411764706,0.35593323535769317,0.0,-1005000000.0,578398650,28578676736,0.66867995,0.06845,Utilities - Regulated Electric,True
EQIX,"Equinix, Inc.",Real Estate,2,0.051712337056502966,1108.760009765625,0.09536592257699915,1.6053970048036168,16.834074074074074,0.21491522751109304,,-400000000.0,98623487,109349781504,0.51317,0.14579001,REIT - Specialty,True
BDX,"Becton, Dickinson and Company",Healthcare,2,0.050645213562294567,152.13999938964844,0.06608901142181961,0.7554549035053171,11.430870083432659,-0.005653032022866267,0.17180478383393938,2671000000.0,284466650,43278757888,0.46784002,0.08014,Medical Instruments & Supplies,True
ADM,Archer-Daniels-Midland Company,Consumer Defensive,2,0.05024387185284672,69.2300033569336,0.04742005014736286,0.4292438305547002,9.051948051948052,-0.34341388570384734,0.2487342444292353,4204000000.0,481895100,33361600512,0.0627,0.01343,Farm Products,True
KIM,Kimco Realty Corporation (HC),Real Estate,2,0.04414434066788764,23.690000534057617,0.056269267528856304,0.7992794536018467,14.204546970368078,0.7241086201913651,0.09157705031775376,1120015000.0,674403212,15976611840,0.69051003,0.27323,REIT - Retail,True
COO,"The Cooper Companies, Inc.",Healthcare,2,0.04147889632414432,64.41999816894531,0.04550364733156125,0.30408185558751777,6.682582021872499,-0.0073216277678949115,-0.01251536517097196,433700000.0,195114398,12569269248,0.65444,0.09668,Medical Instruments & Supplies,True
GPN,Global Payments Inc.,Industrials,2,0.04096972266836902,67.76000213623047,0.061170049046329146,0.9552885046188814,15.616932134472579,1.4171201324814278,0.0778058677716198,2038823000.0,275243013,18650466304,0.72643,0.18169,Specialty Business Services,True
TECH,Bio-Techne Corp,Healthcare,2,0.03623566326697553,54.189998626708984,0.038252915351614125,0.23142388399464667,6.049836512261581,-0.35264644364947284,-0.029154942872097633,256550000.0,156453292,8477422080,0.66605,0.06672,Biotechnology,True
DOC,"Healthpeak Properties, Inc.",Real Estate,2,0.03171585653372197,16.43000030517578,0.009512814106063205,1.352536914870667,142.18052616087573,-0.5227593913804323,0.11619624366626224,1251959000.0,695256660,11423067136,0.59973997,0.02528,REIT - Healthcare Facilities,True
FANG,"Diamondback Energy, Inc.",Energy,2,0.030580155490176432,194.7899932861328,0.0450070323488045,0.4024396840852537,8.94170673076923,-0.3848028199276532,,-703000000.0,281311730,54796713984,0.7304,0.1164,Oil & Gas E&P,True
HAS,"Hasbro, Inc.",Consumer Cyclical,2,0.015724196058091288,95.08000183105469,-0.5987000928505106,6.119777158774373,inf,,0.5178941301961593,694900000.0,141521544,13455867904,0.63821,-0.06858,Leisure,True
COHR,Coherent Corp.,Technology,2,0.009392181417223675,336.0899963378906,0.006073494898665379,0.4790558301626214,78.87646868163034,,0.2487157179846986,192764000.0,187481852,63010775040,0.36380002,0.04657,Scientific & Technical Instruments,True
COF,Capital One Financial Corporati,Financial Services,2,0.0,191.38999938964844,0.021590268976200536,0.4437139135333052,20.55156950672646,-0.3925575764823631,0.266249971257817,26140000000.0,634195906,121378750464,0.0,0.08876,Credit Services,True
GS,"Goldman Sachs Group, Inc. (The)",Financial Services,2,0.0,926.9099731445312,0.13743878628812853,3.089892135838428,22.48195156031672,0.19529594834176467,,-47218000000.0,294993942,275063242752,0.82271004,0.29363,Capital Markets,True
JPM,JP Morgan Chase & Co.,Financial Services,2,0.0,308.2799987792969,0.1574007140531622,1.379496631147948,8.764233627822184,0.18334033738266675,,-147782000000.0,2679500000,826036256768,0.0,0.33936,Banks - Diversified,True
MTB,M&T Bank Corporation,Financial Services,2,0.0,214.9199981689453,0.09771395277101827,0.4459334407238578,4.563661873027008,0.13842447691670268,-0.13111990543634156,2860000000.0,146917000,31916609536,0.0,0.31482,Banks - Regional,True
CSGP,"CoStar Group, Inc.",Real Estate,2,-0.0021206765968189846,36.439998626708984,0.00083993280537557,0.14206863450923926,169.14285714285714,-0.7219119357371475,-0.5259632828103975,41000000.0,419793301,15444102144,0.78873,0.0021600001,Real Estate Services,True
CAH,"Cardinal Health, Inc.",Healthcare,1,0.8566415341735664,199.85000610351562,0.0,inf,5.46252402306214,0.0,-0.12777943999402153,1850000000.0,235316016,47027908608,0.03695,0.00679,Medical Distribution,True
HPQ,HP Inc.,Technology,1,0.4462584111099577,19.790000915527344,0.0,inf,4.302886516409648,-0.047530829561843846,-0.08855519305487403,2800000000.0,914550199,18166915072,0.20251,0.04462,Computer Hardware,True
LOW,"Lowe's Companies, Inc.",Consumer Cyclical,1,0.2313818558113964,244.4499969482422,0.0,inf,6.714307183648933,0.05184121096662819,0.0421346483675451,7651000000.0,560062893,136907374592,0.33476,0.07712,Home Improvement Retail,True
HON,Honeywell International Inc.,Industrials,1,0.14602954650701974,213.1699981689453,0.3401179516685846,2.5577531645569622,7.520194544301121,0.005145240981910382,0.06346989909521827,5422000000.0,633653119,135075831808,0.36925,0.1089,Conglomerates,True
DRI,"Darden Restaurants, Inc.",Consumer Cyclical,1,0.14564773112127888,201.05999755859375,0.4541167308441137,2.6953229784104185,5.9353086890243905,0.06178734241796824,0.06344643043092901,1026600000.0,114535003,23028406272,0.21507,0.086619996,Restaurants,True
AVY,Avery Dennison Corporation,Consumer Cyclical,1,0.13663723331048794,165.5,0.3068551804112216,1.6649123589491994,5.425726744186046,-0.015156843918529228,0.009222853570837852,681000000.0,76917031,12729768960,0.28754,0.07769,Packaging & Containers,True
AES,The AES Corporation,Utilities,1,0.13446464646464645,14.489999771118164,0.22397243416194929,7.358355894659119,32.853846153846156,0.0,0.0,-1623000000.0,713071623,10332407808,0.18400998,0.07439,Utilities - Diversified,True
CEG,Constellation Energy Corporatio,Utilities,1,0.131768014105737,313.5299987792969,0.15974374870841082,0.6194117241854378,3.877533419577404,0.0,0.0,1288000000.0,362294672,113590239232,0.1838,0.09082,Utilities - Independent Power Producers,True
COIN,"Coinbase Global, Inc.",Financial Services,1,0.11738641349555287,199.77000427246094,0.08519719181794595,0.5294009527982653,6.213831013697239,0.0,0.0,2426383000.0,223041278,52754296832,0.85178,0.1831,Financial Data & Stock Exchanges,True
GIS,"General Mills, Inc.",Consumer Defensive,1,0.11178938917932733,34.970001220703125,0.2494999565179581,1.6628293764675188,6.664647960962007,-0.026085603257610446,-0.05849837601132735,2292900000.0,533681218,18662832128,0.3314,0.12053,Packaged Foods,True
HSY,The Hershey Company,Consumer Defensive,1,0.1107777994540261,191.47999572753906,0.19049096888984743,1.2376287270178465,6.497046732611839,-0.1843803498361749,-0.011035105885078833,1749148000.0,148077438,38811262976,0.33549,0.07554,Confectioners,True
CRH,CRH PLC,Basic Materials,1,0.10705366777488756,118.0,0.15539076820529912,0.8209048491918014,5.2828418230563,0.029992198271017623,0.08544905949233872,2912000000.0,668200316,78847639552,0.36126,0.10022,Building Materials,True
ABBV,AbbVie Inc.,Healthcare,1,0.10314044575139635,198.7100067138672,0.0,inf,15.971604353999053,-0.29242592515762644,-0.09764361948343492,17816000000.0,1768762377,351470780416,0.71620005,0.0691,Drug Manufacturers - General,True
GLW,Corning Incorporated,Technology,1,0.10056750501447918,175.88999938964844,0.13517404929279242,0.7941898873549589,5.87531328320802,0.06227999466921208,0.11805628879104058,1413000000.0,859014837,151092117504,0.35984,0.10212,Electronic Components,True
KVUE,Kenvue Inc.,Consumer Defensive,1,0.09719802492528846,17.489999771118164,0.13655364607524384,0.8057594054807246,5.900680272108843,-0.11398056842686899,-0.07132255956198219,1722000000.0,1919916307,33579335680,0.58370996,0.097200006,Household & Personal Products,True
HII,"Huntington Ingalls Industries, ",Industrials,1,0.09509232300702807,359.2900085449219,0.1192588212103292,0.57618766016164,4.831404958677686,0.02146574918873223,0.18102154775842583,794000000.0,39377171,14147824640,0.12696,0.048460003,Aerospace & Defense,True
HAL,Halliburton Company,Energy,1,0.09425480958227243,40.36000061035156,0.12264601854507218,0.7774591339260108,6.339049103663289,-0.04826946434467272,0.10745496208361094,1672000000.0,835157457,33706954752,0.15296,0.06947,Oil & Gas Equipment & Services,True
BA,Boeing Company (The),Industrials,1,0.09376359895892004,232.44000244140625,0.4097909790979098,9.98038137147048,24.354809843400446,0.0,,-1886000000.0,788302331,183233003520,0.048249997,0.024600001,Aerospace & Defense,True
CAG,"ConAgra Brands, Inc.",Consumer Defensive,1,0.0927433663465256,14.170000076293945,0.1290091461708106,0.9031535817837831,7.000694203401597,0.09214869554856042,0.22253364402482423,1302600000.0,478437156,6779454464,0.24274999,-0.00387,Packaged Foods,True
CARR,Carrier Global Corporation,Industrials,1,0.07874900926549605,60.970001220703125,0.1075050709939148,0.8874963778614894,8.255390835579515,-0.2539320075489707,0.1414942136093542,2121000000.0,835433325,50936373248,0.26054,0.06824,Building Products & Equipment,True
CPB,The Campbell's Company,Consumer Defensive,1,0.07856127871696429,20.6200008392334,0.15427985648385442,1.8482829318298308,11.980066445182723,-0.06983666625879881,-0.09111729039277427,705000000.0,298146488,6147781120,0.29610002,0.0548,Packaged Foods,True
EMR,Emerson Electric Company,Industrials,1,0.07791333678892766,141.35000610351562,0.1130559116457943,0.6783847746770535,6.000436109899694,-0.09315839749010013,0.0055605844145771854,2667000000.0,562000000,79438700544,0.52757,0.12718001,Specialty Industrial Machinery,True
KKR,KKR & Co. Inc.,Financial Services,1,0.0738162302834744,101.83000183105469,0.07670765539464512,1.7648335036050895,23.007266934771813,0.0,0.0,316995000.0,891550894,94306746368,0.56959,0.09241,Asset Management,True
L,Loews Corporation,Financial Services,1,0.07372750251802311,110.58000183105469,0.08921117414106818,0.5078133361875201,5.692261547690462,0.3302534615749939,0.0057443817476718895,2700000000.0,205767698,22753792000,0.36501998,0.09033,Insurance - Property & Casualty,True
FTV,Fortive Corporation,Technology,1,0.06806638225231956,61.09000015258789,0.08975113893451514,0.5123810704434871,5.7089088397790055,-0.06372276815022981,-0.03553643307279486,1083200000.0,307859190,18807117824,0.63502,0.13926,Scientific & Technical Instruments,True
J,Jacobs Solutions Inc.,Industrials,1,0.06772296247548124,126.5999984741211,0.07947029326190594,0.7443011947625897,9.365778886830537,-0.21863601130970045,0.20510915631640092,607472000.0,117446713,14868753408,0.24445999,0.03495,Engineering & Construction,True
KDP,Keurig Dr Pepper Inc.,Consumer Defensive,1,0.06552604931122961,29.219999313354492,0.0814782881329362,0.6325834770340178,7.763828763828764,-0.1132100571459882,-0.15405846126264522,1488000000.0,1360559471,39755546624,0.53777003,0.10812,Beverages - Non-Alcoholic,True
AEE,Ameren Corporation,Utilities,1,0.06510079145571605,111.12000274658203,0.0,1.4797403178867248,inf,0.08950605534630207,0.0,-821000000.0,276653219,30741706752,0.49244,0.1719,Utilities - Regulated Electric,True
CPT,Camden Property Trust,Real Estate,1,0.06395892545907918,101.75,0.0881283605840015,0.8941591826564582,10.146100264785597,-0.16451589804509836,0.09361899288980813,386219000.0,104726511,10655922176,0.61731,0.24229,REIT - Residential,True
AVB,"AvalonBay Communities, Inc.",Real Estate,1,0.062251974056612286,172.3800048828125,0.09054088503135728,0.8176275950923838,9.030479377457075,0.01910419380321038,0.04079066292860056,1406163000.0,139111236,23979995136,0.63141996,0.34569,REIT - Residential,True
ES,Eversource Energy (D/B/A),Utilities,1,0.061477009722752655,68.63999938964844,0.10448500861657498,1.8592575255424202,17.794490809349245,0.04032716713858986,0.0,-45097000.0,375845345,25798023168,0.53622,0.124919996,Utilities - Regulated Electric,True
CIEN,Ciena Corporation,Technology,1,0.05999401644477198,520.7999877929688,0.04518996102696529,0.5955887229177346,13.179668877393828,-0.04852081270857467,0.0,665292000.0,141398427,73640304640,0.42125,0.044699997,Communication Equipment,True
AWK,"American Water Works Company, I",Utilities,1,0.059702734013231694,132.4199981689453,0.10251914736550706,1.468856694657193,14.327632763276327,0.0805509301100904,0.0,-1242000000.0,195280114,25858992128,0.6072,0.21615,Utilities - Regulated Water,True
ED,"Consolidated Edison, Inc.",Utilities,1,0.058571904292533665,109.05999755859375,0.08362959900785448,1.1730467135179827,14.026693030153238,0.06542657701264254,0.0,36000000.0,368421246,40180019200,0.53251,0.11958,Utilities - Regulated Electric,True
CMS,CMS Energy Corporation,Utilities,1,0.058459143169997264,76.2699966430664,0.1171259842519685,2.0667104111986,17.645191409897294,0.06843865593176002,0.0,-1803000000.0,307996655,23490902016,0.41527,0.12542,Utilities - Regulated Electric,True
KMI,"Kinder Morgan, Inc.",Energy,1,0.058275758598608514,31.739999771118164,0.0980681599383865,1.0198960272126307,10.399869109947645,0.0694673115572082,-0.04755321900193199,2891000000.0,2224818888,70615752704,0.49446,0.18917,Oil & Gas Midstream,True
EXC,Exelon Corporation,Utilities,1,0.05823468865821201,46.91999816894531,0.09611778595735815,1.739009653448156,18.09248554913295,0.07437811080382284,0.0,-2275000000.0,1023175091,48007372800,0.4293,0.11411,Utilities - Regulated Electric,True
EVRG,"Evergy, Inc.",Utilities,1,0.05723799136044751,81.2300033569336,0.08370755187696281,1.4873059199906078,17.767882187938287,0.04297857131726812,0.0,-751700000.0,230284149,18705981440,0.52266,0.14352,Utilities - Regulated Electric,True
CNP,"CenterPoint Energy, Inc (Holdin",Utilities,1,0.053198213915479575,42.470001220703125,0.09432439702322246,2.0604321707163993,21.844106463878326,0.0020790080634576213,0.0,-2384000000.0,654169480,27782578176,0.4592,0.11379,Utilities - Regulated Electric,True
HRL,Hormel Foods Corporation,Consumer Defensive,1,0.05285412531989578,21.549999237060547,0.06052229473327435,0.3616456345521442,5.975411807267716,-0.2209467508348596,-0.14537859147397825,534349000.0,550284207,11858624512,0.15609999,0.0403,Packaged Foods,True
AKAM,"Akamai Technologies, Inc.",Technology,1,0.048867110844084134,95.25,0.09081722057688688,1.1402380895456659,12.5553070475255,-0.018580166558473388,-0.050304874698784086,699265000.0,147223048,14022994944,0.58949,0.10742,Software - Infrastructure,True
FIS,Fidelity National Information S,Technology,1,0.04557678181282274,45.72999954223633,0.027483991654075834,0.9591337506295416,34.897905759162306,0.0,0.4290740662437944,1827000000.0,514403688,23681314816,0.36863998,0.03578,Information Technology Services,True
BXP,"BXP, Inc.",Real Estate,1,0.04399707985090763,57.72999954223633,0.05369827467133086,3.3675365606099876,62.71219291907514,-0.3138273035903676,-0.009775544390854152,1245157000.0,158675962,9160364032,0.56444,0.087790005,REIT - Office,True
IRM,Iron Mountain Incorporated (Del,Real Estate,1,0.04178534208468822,116.02999877929688,0.0,inf,131.76156192294127,-0.36569478241497955,,-1007116000.0,297478817,34516467712,0.55381,0.02095,REIT - Specialty,True
APTV,Aptiv PLC,Consumer Cyclical,1,0.01937664867755341,60.099998474121094,0.017921146953405017,0.8791137178233952,49.054545454545455,-0.2658443871549956,0.539564260512271,1529000000.0,213141325,15093878784,0.19153999,0.008090001,Auto Parts,True
DD,"DuPont de Nemours, Inc.",Basic Materials,1,0.015159208780605476,46.33000183105469,-0.05596666427185861,0.2294705079387887,inf,,-0.3358031954355256,172000000.0,409877186,18989611008,0.34500998,-0.11374,Specialty Chemicals,True
CRL,Charles River Laboratories Inte,Healthcare,1,0.0010678375353279338,169.8000030517578,-0.04560975532684706,0.8122301817274057,inf,,0.20694149290380937,518494000.0,49341960,8378265088,0.34981,-0.03595,Diagnostics & Research,True
INTC,Intel Corporation,Technology,1,0.0002786637802979262,82.54000091552734,-0.002336346374287939,0.4076355649670549,inf,,0.0,-4949000000.0,5026000000,414846025728,0.372,-0.05904,Semiconductors,True
BK,The Bank of New York Mellon Cor,Financial Services,1,0.0,134.0500030517578,0.125222846568727,0.7739940875138221,6.180933501531808,0.369228313039186,-0.27741836959366284,5177000000.0,686379000,92009111552,0.0,0.28872,Banks - Diversified,True
CFG,"Citizens Financial Group, Inc.",Financial Services,1,0.0,63.790000915527344,0.06957479955922027,0.4286962799711213,6.161660294920808,-0.018125916517398255,-0.20096848979863957,2037000000.0,426023578,27176044544,0.0,0.25048,Banks - Regional,True
IFF,International Flavors & Fragran,Basic Materials,1,-0.007151620084095968,71.13999938964844,-0.0255051575526353,0.46764165606895575,inf,0.0,0.0,254000000.0,255437821,18171846656,0.36161998,-0.033150002,Specialty Chemicals,True
IVZ,Invesco Ltd,Financial Services,1,-0.010292109489499504,25.510000228881836,-0.023031640912435616,0.7999754721609026,inf,,0.41344681263303396,1441000000.0,444313529,11334438912,0.28573,-0.04417,Asset Management,True
ALB,Albemarle Corporation,Basic Materials,1,-0.02374264786789587,188.3300018310547,-0.053562199705979995,0.3458014038065258,inf,,0.02331614989796771,692466000.0,117886887,22201636864,0.13097,-0.09929,Specialty Chemicals,True
ARE,Alexandria Real Estate Equities,Real Estate,1,-0.024933382792760833,47.400001525878906,-0.09240876091704821,0.8248894801380989,inf,,0.02992874662663869,1414046000.0,173127082,8206224384,0.69418997,-0.47384998,REIT - Office,True
CVNA,Carvana Co.,Consumer Cyclical,1,-0.04111802081925105,409.0799865722656,0.40889276373147343,1.6044754431851207,3.923951670220327,0.0,0.0,889000000.0,142993769,58495893504,0.20628001,0.06924,Auto & Truck Dealerships,True
EL,"Estee Lauder Companies, Inc. (T",Consumer Defensive,1,-0.05182691384112958,77.81999969482422,-0.293143596377749,2.449417852522639,inf,,-0.3054850441967458,670000000.0,247219699,28149598208,0.74317,-0.012130001,Household & Personal Products,True
KHC,The Kraft Heinz Company,Consumer Defensive,1,-0.05883827595913434,21.940000534057617,-0.14031298003072196,0.509288594470046,inf,,0.3308918259214173,3661000000.0,1183744751,25971361792,0.33317003,-0.23437999,Packaged Foods,True
FCX,"Freeport-McMoRan, Inc.",Basic Materials,0,0.11731000610037888,61.04999923706055,0.11661992698026351,0.5551616487644849,4.76043557168784,-0.14233810344029962,-0.1257226219527814,1116000000.0,1435501606,87637368832,0.37063,0.08505,Copper,True
CI,The Cigna Group,Healthcare,0,0.11309356037574661,275.6400146484375,0.14280919617385468,0.7542732481480594,5.281685412120194,0.013600518996934152,0.04453851655856056,8389000000.0,263660761,72675459072,0.092980005,0.02167,Healthcare Plans,True
ELV,"Elevance Health, Inc.",Healthcare,0,0.10278938391123205,344.760009765625,0.1290278474089604,0.7302766510186409,5.659837513246202,-0.0005214362208098011,-0.2405785022131265,3174000000.0,217162380,74868908032,0.25891,0.02616,Healthcare Plans,True
HST,"Host Hotels & Resorts, Inc.",Real Estate,0,0.08608531414426693,20.899999618530273,0.11665141811527904,0.8600182982616651,7.372549019607843,0.07640983545918001,-0.017103735433332767,866000000.0,687333299,14365265920,0.28832,0.12476,REIT - Hotel & Motel,True
ARES,Ares Management Corporation,Financial Services,0,0.08099711256912266,115.2300033569336,0.12334617326825188,3.3264855759481486,26.968697024055583,-0.030694412150361616,0.0,3194781000.0,222023639,25985927168,0.36539,0.09415,Asset Management,True
FDX,FedEx Corporation,Industrials,0,0.07810531045742322,387.9800109863281,0.14575764052147894,1.3327634109852533,9.143695014662757,0.05395483964007641,-0.00965078303809841,2981000000.0,238606756,92574646272,0.27552,0.04877,Integrated Freight & Logistics,True
LH,Labcorp Holdings Inc.,Healthcare,0,0.07213066728679231,263.79998779296875,0.10168449383976426,0.7570941321144342,7.445521962350257,-0.09136785791730018,-0.07557003056834755,1206000000.0,82187046,21737119744,0.2876,0.06282,Diagnostics & Research,True
BLDR,"Builders FirstSource, Inc.",Industrials,0,0.07203661281352826,90.04000091552734,0.09999400310322176,1.1718696830674518,11.719399630973417,-0.38706697226113584,-0.36026579579703966,853284000.0,107515372,9680685056,0.30386,0.02865,Building Products & Equipment,True
HUM,Humana Inc.,Healthcare,0,0.07081575907752564,215.22999572753906,0.06728209775159993,0.7005153763379962,10.41161616161616,-0.2367712417994694,-0.5227593913804323,375000000.0,120054462,25839321088,0.14538999,0.00916,Healthcare Plans,True
HSIC,"Henry Schein, Inc.",Healthcare,0,0.06459503811135366,77.54000091552734,0.1226502311248074,1.058859784283513,8.633165829145728,-0.12032831877179262,0.03201607141992047,521000000.0,114748051,8897563648,0.31136,0.03019,Medical Distribution,True
DTE,DTE Energy Company,Utilities,0,0.06402830038064347,146.8800048828125,0.11883280500690889,2.1368771844265626,17.98221614227086,0.08380007304309256,0.0,-1020000000.0,208028117,30555170816,0.30309,0.09245,Utilities - Regulated Electric,True
CBRE,CBRE Group Inc,Real Estate,0,0.05839358021804999,148.2899932861328,0.1303221446271683,1.125366073439964,8.635263612791702,-0.038132881109372074,-0.04483368426633183,1193000000.0,292816579,43421769728,0.18501,0.031089999,Real Estate Services,True
GNRC,Generac Holdlings Inc.,Industrials,0,0.05760420064131064,220.92999267578125,0.060611102627162364,0.569157604669768,9.390319264951051,-0.2106131490055706,0.0,268128000.0,58675827,12963250176,0.38291,0.03791,Specialty Industrial Machinery,True
BG,Bunge Limited,Consumer Defensive,0,0.04089689305295055,124.9000015258789,0.05130784708249497,0.996919014084507,19.43014705882353,-0.2275542581351815,0.0,-879000000.0,193810410,24206921728,0.04847,0.0116,Farm Products,True
AMCR,Amcor plc,Consumer Cyclical,0,0.031972294516177856,38.95000076293945,0.04357094133697135,1.2796725784447476,29.36986301369863,-0.15498490572503487,-0.0675193176531631,810000000.0,462045690,17996681216,0.1893,0.03039,Packaging & Containers,True
HPE,Hewlett Packard Enterprise Comp,Technology,0,0.030163035905058293,28.15999984741211,0.002308813998703824,0.975251134154245,422.4035087719298,,-0.24742181943922759,627000000.0,1326854089,37364211712,0.32071,-0.0033000002,Communication Equipment,True
CVS,CVS Health Corporation,Healthcare,0,0.0289437969693161,77.94000244140625,0.023506262132049885,1.0629670008243146,45.220588235294116,-0.24783917087780916,-0.165831156023994,7807000000.0,1281604403,99888242688,0.13288,0.00442,Healthcare Plans,True
GPC,Genuine Parts Company,Consumer Cyclical,0,0.025968796603405068,108.73999786376953,0.014909593982895285,1.4775587379671358,99.10120555007961,-0.6169131949560455,-0.2799161803179321,420924000.0,137624545,15128137728,0.37515998,0.00243,Auto Parts,True
BEN,"Franklin Resources, Inc.",Financial Services,0,0.025720710849392314,27.1200008392334,0.04345990163771548,1.101185646392555,25.337969136978472,-0.28882967962082806,-0.2124710453209816,911600000.0,520763448,14123105280,0.37035,0.06972,Asset Management,True
GM,General Motors Company,Consumer Cyclical,0,0.019749133400255917,78.05000305175781,0.04412703087419624,2.1484644709501137,48.68817204301075,-0.18582138744634646,0.0,1771000000.0,901656578,70374301696,0.107209995,0.014579999,Auto Manufacturers,True
BAC,Bank of America Corporation,Financial Services,0,0.0,52.04999923706055,0.10060908248500378,1.2066362620076967,11.993313448490609,0.06339371889421086,0.0,12613000000.0,7129908032,371111723008,0.0,0.28956,Banks - Diversified,True
C,"Citigroup, Inc.",Financial Services,0,0.0,127.9800033569336,0.06738863164241536,1.732080022233632,25.702851950230674,0.003303767845214578,,-74152000000.0,1705600000,223877857280,0.0,0.20356001,Banks - Diversified,True
FITB,Fifth Third Bancorp,Financial Services,0,0.0,49.65999984741211,0.1160928005892101,0.6425612226109372,5.534892942109437,0.017445368623867807,-0.12822325147789237,3805000000.0,905823000,44983169024,0.0,0.24133,Banks - Regional,True
HBAN,Huntington Bancshares Incorpora,Financial Services,0,0.0,16.399999618530273,0.0908306630515159,0.7583600361515077,8.349163274536409,-0.013794865442920301,-0.16561022175225404,2215000000.0,2027130587,33244942336,0.0,0.26584,Banks - Regional,True
KEY,KeyCorp,Financial Services,0,0.0,21.6299991607666,0.08974044453167165,0.5391295814729404,6.007654455986878,-0.0760895052847137,-0.21606511923691396,2101000000.0,1087293000,23518148608,0.0,0.27028,Banks - Regional,True
APD,"Air Products and Chemicals, Inc",Basic Materials,0,-0.005282979351032448,301.760009765625,-0.02625641435217539,1.225046422937923,inf,,,-3765800000.0,222656008,67188678656,0.31628,-0.02733,Specialty Chemicals,True
LYB,LyondellBasell Industries NV,Basic Materials,0,-0.00841721575774569,69.87000274658203,-0.07389406863717517,1.4515969053759175,inf,,-0.5505329635739951,384000000.0,322769286,22551889920,0.08964,-0.02471,Specialty Chemicals,True
BAX,Baxter International Inc.,Healthcare,0,-0.012205375107789594,18.15999984741211,-0.1561429270680372,1.595692608908468,inf,0.0,-0.17536832412671322,323000000.0,516252514,9375145984,0.35735,-0.085109994,Medical Instruments & Supplies,True
LITE,Lumentum Holdings Inc.,Technology,0,-0.036751598286884735,881.6400146484375,0.02282541640962369,2.2985811227637263,100.70270270270271,-0.48549081625954305,,-104700000.0,71400000,62949097472,0.37118,0.11951,Communication Equipment,True
DOW,Dow Inc.,Basic Materials,0,-0.03904455921210665,38.65999984741211,-0.16385557221389305,1.224262868565717,inf,,,-1447000000.0,720741438,27863863296,0.059439998,-0.07244,Chemicals,True
F,Ford Motor Company,Consumer Cyclical,0,-0.04649325528980388,12.380000114440918,-0.2275812194036493,4.6099799732977305,inf,0.0,0.0,12467000000.0,3940230185,49657196544,0.0581,-0.04369,Auto Manufacturers,True
IP,International Paper Company,Consumer Cyclical,0,-0.09273011375473979,32.650001525878906,-0.23713495649828017,0.6958251837863357,inf,,,-159000000.0,529486211,17287725056,0.29737,-0.14877,Packaging & Containers,True
CNC,Centene Corporation,Healthcare,0,-0.23509591736350222,41.81999969482422,-0.33448604219916805,0.9102390617952187,inf,,-0.06326784209561909,4321000000.0,491772493,20565925888,0.104729995,-0.037890002,Healthcare Plans,True
SATS,EchoStar Corporation,Communication Services,0,-0.40308814522583286,117.5,-2.514346704628547,5.223424949668597,inf,,0.0,-1741415000.0,157527391,33942915072,0.25823,-0.96616,Telecom Services,True
